0-0020-8;Obra Social del Personal de la Industria Gráfica de la Provincia de Córdoba;;Avellaneda 54;5000;Córdoba;Córdoba;351-4238079 0351-4236538;ospigpc@hotmail.com
0-0030-7;Obra Social Portuarios Argentinos de Mar del Plata;OSPA;Rondeau 63;7600;Mar del Plata;Buenos Aires;0223-4800421 0223-4890039;portuariosargentinosmdp@yahoo.com.ar
0-0040-6;Obra Social del Personal del Organismo de Control Externo;OSPOCE;Bartolomé Mitre 1523;1037;Capital Federal;Capital Federal;0800-3216776 conmutador 5510-5000;
0-0050-5;Obra Social de Capitanes Pilotos y Patrones de Pesca;OSPESCA;Av. Juan B. Justo 518;7600;Mar del Plata;Buenos Aires;0223-4809739 0223-4800580;ospesca@capitanesdepesca.org.ar
0-0060-4;Obra Social de Agentes de Loterías y Afines de la República Argentina;OSALARA;Adolfo Alsina 946;1088;Capital Federal;Capital Federal;5235-9810;osalara@aleara.com.ar
0-0070-3;Mutual del Personal del Agua y la Energía de Mendoza; ;José Vicente Zapata 144;5500;Mendoza;Mendoza;0261-4292012;mutualaye@infovia.com.ar
0-0090-1;Obra Social de la Actividad de Seguros Reaseguros Capitalización y Ahorro y Préstamo para la Vivienda;OSSEG;Pellegrini 575;1009;Capital Federal;Capital Federal;4131-2100 4131-2000;informacion@osseg.org.ar
0-0110-2;Obra Social para la Actividad Docente;OSPLAD;Tacuarí 345;1071;Capital Federal;Capital Federal;5032-9400;info@osplad.org.ar
0-0120-1;Obra Social para el Personal del Ministerio de Economía y de Obras y Servicios Públicos;OSME;Venezuela 155;1095;Capital Federal;Capital Federal;5275-5493;
0-0130-0;Obra Social Ferroviaria;OSFE;Estados Unidos 2859;1227;Capital Federal;Capital Federal;4127-7731;info@osferroviaria.org.ar
0-0150-8;Obra Social de la Asociación Civil Prosindicato de Amas de Casa de la República Argentina;OSSACRA;Paraguay 1896 piso 6º;1121;Capital Federal;Capital Federal;4811-5551 4811-5597;info@amassalud.org
0-0160-7;Obra Social del Sindicato Unido de Trabajadores de la Industria de Aguas Gaseosas de la Provincia de Santa Fe; ;Sarmiento 2225;2000;Rosario;Santa Fe;0341-4825430 0341-4823351;sutiagarosario@arnetbiz.com.ar
0-0170-6;Obra Social del Personal Jerárquico de la República Argentina para el Personal Jerárquico de la Industria Gráfica y el Personal Jerárquico del Agua y la Energía;OSJERA;Moreno 1142 planta baja;1091;Capital Federal;Capital Federal;4381-3200;atancion@opsjera.com.ar
0-0180-5;Obra Social de los Legisladores de la República Argentina;OSLERA;México 565;1097;Capital Federal;Capital Federal;4331-1245 4331-1090;oslera@clnoslera.com.ar
0-0190-4;Obra Social de la Federación de Cámaras y Centros Comerciales Zonales de la República Argentina;FEDECÁMARAS;Rivadavia 5456 1º Piso Gal. Astro;1424;Capital Federal;Capital Federal;4432-6333 4432-3457;info@osfedecamaras.com.ar
0-0210-5;Obra Social Profesionales del Turf de la República Argentina;OSPROTURA;Tres Sargentos 863;1641;Acassuso Sucursal;Buenos Aires;4792-1851 4798-3868;interturf@ciudad.com.ar
0-0220-4;Obra Social de Empleados y Personal Jerárquico de la Actividad del Neumático Argentino de Neumáticos Good Year SRL; ;Manuel Ocampo 1201;1686;Hurlingham;Buenos Aires;4665-7958;Director méd. Dr. Fernando San Cristóbal (MN)
0-0230-3;Obra Social para el Personal de Empresas de Limpieza Servicios y Maestranza de Mendoza; ;Montevideo 270;5500;Mendoza;Mendoza;0261-4201638;ospelsym@ospelsym.com.ar
0-0240-2;Obra Social del Personal Jerárquico del Transporte Automotor de Pasajeros de Córdoba y Afines; ;Caseros 636;5000;Bajo Palermo;Córdoba;0351-4213848 0351-4215648;
0-0250-1;Obra Social de Ministros Secretarios y Subsecretarios;OSMISS;Adolfo Alsina 943 piso 2;1088;Capital Federal;Capital Federal;4334-6644 4334-6611;gerencia.administracion@osmiss.org.ar
0-0260-0;Obra Social de los Trabajadores de la Carne y Afines de la República Argentina;O.S.T.C.A.R.A.;Paraná 749 2º A;1017;Capital Federal;Capital Federal;4371-6390 4371-7055;secretaria@ostcara.org.ar
0-0270-9;Obra Social de los Trabajadores Asociados a la Asociación Mutual Mercantil Argentina;OSTAMMA;Catamarca 1173;5900;Villa María;Córdoba;0353-4536925 0353-4536917;
0-0280-8;Obra Social de la Cámara de Empresarios de Agencias de Remises de Argentina; ;Rivadavia y 1º de Mayo;6634;Alberti;Buenos Aires;0800-220-3333;info@osceara.com.ar
0-0290-7;Obra Social Asociación Mutual Metalúrgica Villa Constitución;OSAMMVC;Juan Manuel de Rosas 710 planta alta;2919;Villa Constitución;Santa Fe;03400-479532;osammvc@cablenet.com.ar
0-0300-9;Obra Social del Personal Asociado a Asociación Mutual Sancor;O.S.PERS.A.A.M.S.;Sarmiento 811 piso 4 oficina 1;1041;Capital Federal;Capital Federal; ;ospersaams@sancorsalud.com.ar
0-0310-8;Obra Social de los Inmigrantes Españoles y sus Descendientes Residentes en la República Argentina;OSPAÑA;Venezuela 1162 planta baja;1095;Capital Federal;Capital Federal;4382-0400 / 8698 4382-9379 / 0733;ricciardi@ospana.com.ar
0-0320-7;Obra Social de Trabajadores Socios de la Asociación Mutual del Personal Jerárquico de Bancos Oficiales Nacionales -Jerárquicos Salud-; ;Av. Facundo Zuviría 4584;3000;Santa Fe;Santa Fe;0342-4504800 0342-4520143;obrasocialpmo@jerarquicossalud.com.ar
0-0330-6;Obra Social de Trabajadores Vendedores de Diarios Revistas y Afines;OSTVENDRA;Venezuela 2365;1096;Capital Federal;Capital Federal;4941-9855 4941-2560;
0-0340-5;Obra Social Asociación Mutual de los Obreros Católicos Padre Federico Grote;O.S.A.M.O.C.;Billinghurst 1669;1425;Capital Federal;Capital Federal; ;prestaciones@osamoc.ar
0-0350-4;Obra Social de Conductores Titulares de Taxis de la Ciudad Autónoma de Buenos Aires;O.S.TAX.B.A.;Fragata Pte. Sarmiento 661;1416;Capital Federal;Capital Federal;4331-5503 4331-4864
0-0360-3;Obra Social Programas Médicos Sociedad Argentina de Consultoría Mutual; ;España 160 piso 2;1832;Lomas de Zamora;Buenos Aires; ;os.info@osprpgmed.com.ar
0-0370-2;Obra Social Yacimientos Carboníferos;OSYC;24 de Noviembre 1126;1224;Capital Federal;Capital Federal;4957-0882;
0-0380-1;Obra Social Witcel; ;Av. Callao 625 piso 3;1022;Capital Federal;Capital Federal;2152-7940;
0-0400-2;Obra Social para Empleados y Productores de Entidades de la Actividad Agropecuaria y Agroalimentaria de da Economía Social; ;Laprida 1063;2000;Rosario;Santa Fe;0341-4495597 0341-4400220;apmsalud@osapmr.com.ar
1-0010-6;Obra Social para el Personal de la Industria Aceitera desmotadora y Afines;OSIAD;Av. Belgrano 1370 piso 2;1093;Capital Federal;Capital Federal;4381-5041;info@osiadsalud.org.ar
1-0020-5;Obra Social de Actores;OSA;Ayacucho 537;1025;Capital Federal;Capital Federal;4371-4664 / 8449 4371-5563 / 5602;
1-0030-4;Obra Social de Técnicos de Vuelo de Líneas Aéreas;OSTVLA;Víctor Hugo 369;1407;Capital Federal;Capital Federal;4635-9010 4635-9003;obrasocial@tecnicosdevuelo.org.ar
1-0040-3;Obra Social del Personal Superior y Profesional de Empresas Aerocomerciales;OSPEA;Independencia 1111 piso 2;1099;Capital Federal;Capital Federal;4383-3185 4383-8907;ospea@upsa-ospea.com.ar
1-0050-2;Obra Social del Personal Aeronáutico;OSPA;Anchorena 1266;1425;Capital Federal;Capital Federal;4823-7121 4823-7223;ybalbis@ospa.com.ar
1-0060-1;Obra Social del Personal de Aeronavegación de Entes Privados;OSPADEP;Venezuela 900;1095;Capital Federal;Capital Federal;4331-1411;info@ospadep.com
1-0070-0;Obra Social del Personal Técnico Aeronáutico;OSPTA;D'Onofrio 158;1702;Ciudadela;Buenos Aires;4653-3016 4653-3017;aviones@aviones.com
1-0080-9;Obra Social de Aeronavegantes;OSA;Bartolomé Mitre 1902 planta baja;1039;Capital Federal;Capital Federal;4953-7277;osa@aeronavegantes.com
1-0090-8;Obra Social Empleados de Agencias de Informes;OSEADI;Lavalle 1783 piso 1 of. A;1048;Capital Federal;Capital Federal;4372-9598 4373-4977;oseadi@VELOCOM.com.ar
1-0100-0;Obra Social del Personal de Aguas Gaseosas y Afines;OSPAGA;Bacacay 2735 / 37;1406;Capital Federal;Capital Federal;4610-9200;info@ospaga.com.ar
1-0120-8;Obra Social del Personal de la Industria de la Alimentación;OSPIA;Venezuela 1326;1096;Capital Federal;Capital Federal;4383-9026 / 29 15-6142-4374;ospiacentral@ospia.org.ar
1-0160-4;Obra Social del Personal del Automóvil Club Argentino;OSPACA;Anchorena 639 piso 1;1170;Capital Federal;Capital Federal;4106-4500;
1-0180-2;Obra Social del Personal del Azúcar del Ingenio La Esperanza;OSPA;Serapio Soria 337;4500;San Pedro;Jujuy;03888-421222 03888-426117;ospalesp@arnetbiz.com.ar
1-0190-1;Obra Social del Personal del Azúcar del Ingenio Ledesma;OSPAIL;Jujuy 755 CC5;4512;Ldor. Gral. San Martín;Jujuy;03886-423558;
1-0230-0;Obra Social del Personal del Azúcar del Ingenio San Martín;OSPA;Islas Malvinas s/Nº Bo. Patrón Costas;4533;El Tabacal;Salta;03878-421800 / 2 03878-491189;ospasalta102300@gmail.com
1-0270-6;Obra Social del Personal de la Industria Azucarera;OSPIA;Congreso 342/8;4000;San Miguel de Tucumán;Tucumán;0381-422-1478;ospia@tucbbs.com.ar
1-0290-4;Obra Social del Personal de Barracas de Lanas Cueros y Anexos; ;Florentino Ameghino 1060;1870;Avellaneda;Buenos Aires;4222-4086 4222-4646;osblyca@uolsinectis.com.ar
1-0300-6;Obra Social del Personal de la Industria Botonera;OSPIB;Calle 91 Nº 1886;1650;San Martín;Buenos Aires;4755-2931;
1-0310-5;Obra Social del Personal de la Industria del Calzado;OSPICAL;Yatay 129 piso 4;1184;Capital Federal;Capital Federal;4981-1164 4981-1180;institucional@ospical.org.ar
1-0320-4;Obra Social de Conductores Camioneros y Personal del Transporte Automotor de Cargas; ;Av. Caseros 921 / 23;1152;Capital Federal;Capital Federal;4300-2191 4300-0975;aliciak@spdps.com.ar
1-0340-2;Obra Social del Personal de Carga y Descarga;OSPCYD;Cochabamba 1635;1148;Capital Federal;Capital Federal;4304-5484 4304-8358;estibaro@hotmail.com.ar
1-0360-0;Obra Social del Personal Auxiliar de Casas Particulares;OSPACP;Charcas 2745;1425;Capital Federal;Capital Federal;4829-1212 4826-1806;info@ospacp.org.ar
1-0370-9;Obra Social del Personal de la Industria del Caucho;OSPIC;Congreso 2033;1428;Capital Federal;Capital Federal;4701-5646;info@ospic-caucho.org.ar
1-0380-8;Obra Social del Personal del Caucho;OSPECA;Valle 1281;1406;Capital Federal;Capital Federal;4433-3317 4432-9404;ospeca@fibertel.com.ar
1-0390-7;Obra Social del Personal de la Industria del Caucho de Santa Fe;OSPIC SANTA FE;Iturraspe 2458;3034;Depto. La Capital;Santa Fe;0342-4538863;oscauchostafe@yahoo.com.ar
1-0400-9;Obra Social del Personal de Cementerios de la República Argentina;OSPCRA;Federico Lacroze 3908;1427;Capital Federal;Capital Federal;4553-3947 4553-1999;soecra@uolsinectis.com.ar
1-0410-8;Obra Social de Ceramistas;OSCE;Doblas 629;1424;Capital Federal;Capital Federal;4922-6752 4921-0906;
1-0420-7;Obra Social del Personal de la Cerámica Sanitarios Porcelana de Mesa y Afines;OSPCSPMYA;Av. Hipólito Yrigoyen 1255;1870;Avellaneda;Buenos Aires;4208-2079 4208-8779;ospecesa@speedy.com.ar
1-0430-6;Obra Social del Personal de la Actividad Cervecera y Afines;OSPACA;Humahuaca 4072;1192;Capital Federal;Capital Federal;4863-2159 4863-3658;consultas@oscervecera.org.ar
1-0440-5;Obra Social del Personal Cinematográfico de Mar del Plata;OSPERCIN;Neuquén 2655;7600;Mar del Plata;Buenos Aires;0223-4738544;
1-0450-4;Obra Social del Personal de la Industria Cinematográfica;OSPIC;Juncal 2029;1116;Capital Federal;Capital Federal;4808-0106;ospic@sicacine.org.ar
1-0460-3;Obra Social de Operadores Cinematográficos;OSOC;Viamonte 2045;1056;Capital Federal;Capital Federal;4372-0509 4374-0442;
1-0480-1;Obra Social de Colocadores de Azulejos Mosaicos Graniteros Lustradores y Porcelaneros;OSCAMGLYP;Colombres 1419;1238;Capital Federal;Capital Federal;4922-2631 4922-3801;oscamglyp@speedy.com.ar
1-0500-2;Obra Social de Conductores Navales;OSCONARA;Pinzón 281;1161;Capital Federal;Capital Federal;4362-0080 / 0880;info@siconara.com.ar
1-0530-9;Obra Social del Personal Administrativo y Técnico de la Construcción y Afines;OSPATCA;Pte. Luis Sáenz Peña 1142 / 44;1110;Capital Federal;Capital Federal;6091-7900;info@ospatca.com.ar
1-0540-8;Obra Social del Personal de la Construcción;OSPECON;Av. Belgrano 1862 / 70;1094;Capital Federal;Capital Federal;4384-7140/50;salud@uocra.org
1-0550-7;Obra Social de los Cortadores de la Indumentaria;OSUCI;Santiago del Estero 576;1075;Capital Federal;Capital Federal;4383-8801 4383-8774;obrasocial@uci.org.ar
1-0560-6;Obra Social del Personal de la Industria del Cuero y Afines;OSPICA;Giribone 789;1872;Avellaneda;Buenos Aires;4229-0750;
1-0570-5;Obra Social del Personal de la Industria del Chacinado y Afines;OSPICHA;Av. San Juan 4229 planta baja;1233;Capital Federal;Capital Federal;4923-3666 4923-5635;
1-0580-4;Obra Social de Choferes de Camiones;OSCHOCA;San Jose 1775 / 81;1136;Capital Federal;Capital Federal;4378-1000;info@camioneros-ba.org.ar
1-0600-5;Obra Social del Personal de Entidades Deportivas y Civiles;OSPEDYC;Alberti 646;1223;Capital Federal;Capital Federal;5353-3500;ospedyc@infovia.com
1-0610-4;Obra Social de Empleados de Despachantes de Aduana;OSEDA;Callao 220 piso 6;1022;Capital Federal;Capital Federal;4372-6667 / 8 4372-8322;
1-0620-3;Obra Social del Personal de Distribuidoras Cinematográficas de la R.A.;OSPEDICI;Ayacucho 512 / 514 1º y 2º pisos;1025;Capital Federal;Capital Federal;4373-8723 4371-4348;info@ospedici.org.ar
1-0630-2;Obra Social de Docentes Particulares;OSDOP;Bartolomé Mitre 2233;1039;Capital Federal;Capital Federal;5288-4900 rotativas;
1-0640-1;Obra Social del Personal de Edificios de Renta y Horizontal de la República Argentina;OSPERYHRA;Sarmiento 2026;1044;Capital Federal;Capital Federal;5354-6600;osperyh@osperyh.org.ar
1-0650-0;Obra Social del Personal de Edificios de Renta y Horizontal de la Ciudad Autónoma de Buenos Aires y Gran Buenos Aires;OSPERYH;Sarmiento 2026;1044;Capital Federal;Capital Federal;5354-6600 int. 2106;osperyh@osperyh.org.ar
1-0660-9;Obra Social Electricistas Navales;OSEN;Av. Juan de Garay 1900;1256;Capital Federal;Capital Federal;4371-4896 4372-5550;info@osensalud.com.ar
1-0670-8;Obra Social de Obreros Empacadores de Fruta de Río Negro y Neuquén; ;Menguelle 130;8324;Cipolletti;Río Negro;0299-4782686 0299-4782274;victoria@neunt.com.ar
1-0680-7;Obra Social del Personal de la Enseñanza Privada;OSPEP;Av. Jujuy 226;1083;Capital Federal;Capital Federal;4956-0408/09;informes@ospepweb.com.ar
1-0690-6;Obra Social del Personal de Escribanías de la Provincia de Buenos Aires;OSPEPBA;Calle 45 Nº 509;1900;La Plata;Buenos Aires;0221-4821457 0221-4257230 / 1629;social@personalescribanias.org
1-0700-8;Obra Social del Personal de Escribanos;OSPE;Rodríguez Peña 536 / 38;1020;Capital Federal;Capital Federal;4371-8957 4373-5740;obrasocial@ospe.org.ar
1-0710-7;Obra Social del Personal del Espectáculo Público;OSPEP;Pasco 148 / 54;1081;Capital Federal;Capital Federal;4951-2538 4951-2649;
1-0720-6;Obra Social del Personal de Estaciones de Servicio Garages Playas de Estacionamiento y Lavaderos Automáticos;OSPESGYPE;Hipólito Yrigoyen 2727;1090;Capital Federal;Capital Federal;4866-1631 4866-4293;
1-0740-4;Obra Social del Personal de Farmacia;OSPF;Constitución 2066;1254;Capital Federal;Capital Federal;4941-1342 4943-4086;privada@ospf.org.ar
1-0780-0;Obra Social del Personal de la Industria del Fibrocemento;OSPIF;Constitución 3674;1754;San Justo;Buenos Aires;4651-7411 4482-5141;osdelfibro@hotmail.com
1-0790-9;Obra Social del Personal de la Industria Fideera;OSPIF;Río de Janeiro 55;1405;Capital Federal;Capital Federal;4901-0575;ospif-central@speedy.com.ar
1-0800-1;Obra Social para el Personal de la Industria Forestal de Santiago del Estero;OSPIFSE;Misiones 332;4200;Sgo. del Estero;Santiago del Estero;0385-4211877 0385-4214030;ingresos@ospifse.com.ar
1-0810-0;Obra Social del Personal de la Industria del Fósforo Encendido y Afines;OSPIF;Marconi 652;1870;Avellaneda;Buenos Aires;5430-7989;osfosforo@hotmail.com
1-0820-9;Obra Social de Fotógrafos;OSFOT;Pringles 1090 / 92;1183;Capital Federal;Capital Federal;4867-3990 4867-2102;osfot@speedy.com.ar
1-0840-7;Obra Social del Personal de la Actividad Frutícola;OSPAF;Saavedra 121;3200;Concordia;Entre Ríos;0345-4229579;OSPAF@YAHOO.COM.AR
1-0850-6;Obra Social del Personal de Manipuleo Empaque y Expedición de Fruta Fresca y Hortalizas de Cuyo;OSFYHC;Montecaseros 1147;5500;Mendoza;Mendoza;0261-4299591 0261-4238440;
1-0860-5;Obra Social de Futbolistas;FAA;Salta 1144;1074;Capital Federal;Capital Federal;4305-3426;agremiados@infovia.com.ar
1-0870-4;Obra Social de Técnicos de Fútbol;OSTECF;Viamonte 1328 planta baja y piso 1º;1053;Capital Federal;Capital Federal;4371-3969 4371-8105;
1-0880-3;Obra Social de la Unión de Trabajadores del Turismo Hoteleros y Gastronómicos de la República Argentina;OSUTHGRA;Av. de Mayo 930;1084;Capital Federal;Capital Federal;4341-8020 4341-8000;info@uthgra.org.ar
1-0900-4;Obra Social del Personal Gráfico;OSPG;Av. Belgrano 2530;1096;Capital Federal;Capital Federal;4308-2678 4308-2679;
1-0920-2;Obra Social de Guincheros y Maquinistas de Grúas Móviles; ;Coronel Salvadores 1638;1296;Capital Federal;Capital Federal;4301-0048 4301-4823;osguincheros@compulogic.com.ar
1-0930-1;Obra Social del Personal de Consignatarios del Mercado Nacional de Hacienda de Liniers;OSPEMER;Lisandro De La Torre 2337 / 9;1440;Capital Federal;Capital Federal;4687-8683;
1-0940-0;Obra Social del Personal de la Industria del Hielo y Mercados Particulares;OSPIHMP;Colombres 1573 (Sindicato);1238;Capital Federal;Capital Federal;4926-0173 4923-5372;auditoria@ospihmp.org.ar
1-0950-9;Obra Social del Personal de los Hipódromos de Buenos Aires y San Isidro;OSPHGBAYSI;Pico 1671 / 75 5º A;1429;Capital Federal;Capital Federal;5278-3640 4704-5181;osshipo.com.ar
1-0960-8;Obra Social del Personal Mensualizado del Jockey Club de Buenos Aires y los Hipódromos de Palermo y San Isidro; ;Av. Cabildo 4193;1429;Capital Federal;Capital Federal;4702-7948 4703-4765;
1-0970-7;Obra Social del Personal de Imprenta Diarios y Afines;OSPIDA;San José 157;1076;Capital Federal;Capital Federal;4382-2051 4382-2345;ospida@ospida.org.ar
1-1000-8;Obra Social del Personal de Jaboneros;OSPEJ;Sarmiento 1113 8º B;1041;Capital Federal;Capital Federal;4383-2983 / 2985;notificaciones@osjaboneros.com.ar
1-1010-7;Obra Social de Jardineros Parquistas Viveristas y Floricultores de la República Argentina;OSJPVYF;Luis Sáenz Peña 480;1110;Capital Federal;Capital Federal;4383-6825 4381-7475;osjard@grupoa.com.ar
1-1020-6;Obra Social del Personal del Jockey Club de Rosario; ;Ovidio Lagos 1571;2000;Rosario;Santa Fe;0341-4219301 0341-4491065;
1-1030-5;Obra Social del Personal Ladrillero;OSPL;H. Yrigoyen 1534 3º piso;1089;Capital Federal;Capital Federal;5199-1579;secretariamedica@o-s-p-l.org
1-1040-4;Obra Social del Personal de la Industria Ladrillera a Máquina;OSPILM;25 de Mayo 1724 e/ Lincoln y Juárez (79 1724 E 46);1650;San Martín;Buenos Aires;4752-9621 4713-6209;institucional@ospilm.org.ar
1-1050-3;Obra Social del Personal de la Industria Lechera;OSPIL;Av. Hipólito Yrigoyen 4054;1208;Capital Federal;Capital Federal;4883-9200;obrasocial@atilra.org.ar
1-1060-2;Obra Social de Locutores;OSDEL;Vidt 2011;1425;Capital Federal;Capital Federal;4827-4611 4827-4599;locutores@sinectis.com.ar
1-1070-1;Obra Social de la Federación Argentina de Trabajadores de Luz y Fuerza;OSFATLYF;Lima 163 4º piso;1073;Capital Federal;Capital Federal;4383-4541 4383-5498;bettinottir@osfatlyf_salud.com.ar
1-1080-0;Obra Social de los Trabajadores de las Empresas de Electricidad;OSTEE;Humberto 1º 434;1103;Capital Federal;Capital Federal;5168-2600 5168-2601;obrasocial@osteeluzmedica.com.ar
1-1090-9;Obra Social del Personal de Luz y Fuerza de Córdoba;OSLYF;Av. Gral. Paz 282 piso 1º;5000;Córdoba;Córdoba;0351-4238027 0351-4214633;
1-1100-1;Obra Social del Personal de la Industria Maderera;OSPIM;Rojas 254;1405;Capital Federal;Capital Federal;4431-4791 4431-4089;contacto@ospim.com.ar
1-1120-9;Obra Social del Personal de Maestranza;OSPM;Álzaga 2271;1240;Capital Federal;Capital Federal;4924-6045 / 47 4923-8900;s-o-m@satlink.com
1-1130-8;Obra Social de Maquinistas de Teatro y Televisión; ;Av. Corrientes 1642 piso 1º oficina 21;1042;Capital Federal;Capital Federal;4371-7717;osmtt@osmtt.org.ar
1-1140-7;Obra Social de Capitanes de Ultramar y Oficiales de la Marina Mercante;OSCOMM;Av. Indepedencia 611;1099;Capital Federal;Capital Federal;4300-9700 / 03;secretaria@capitanes.org.ar
1-1150-6;Obra Social de Capitanes Baqueanos Fluviales de la Marina Mercante;OSCAPBAQFLU;Aristóbulo del Valle 319;1161;Capital Federal;Capital Federal;4362-8084 4362-3242;
1-1160-5;Obra Social de Empleados de la Marina Mercante;OSEMM;Bartolomé Mitre 3776;1201;Capital Federal;Capital Federal;4981-8181;
1-1170-4;Obra Social de Encargados Apuntadores Marítimos;OSEAM;México 2183 dto. A;1222;Capital Federal;Capital Federal;4941-8327 4941-8264;oseam@speedy.com.ar
1-1180-3;Obra Social del Personal Marítimo;OSPM;Venezuela 1427;1095;Capital Federal;Capital Federal;4381-2486 4381-4362;ospm@teletel.com.ar
1-1190-2;Obra Social del Sindicato de Mecánicos y Afines del Transporte Automotor;OSMATA;Av. Belgrano 665 piso 8º;1092;Capital Federal;Capital Federal;4334-6825 4334-1919;
1-1200-4;Obra Social del Personal Superior Mercedes Benz Argentina;OSPS MERCEDES;Oliden 46;1408;Capital Federal;Capital Federal;5365-8444;obrasocial@apsmba.com.ar
1-1210-3;Obra Social de la Unión Obrera Metalúrgica de la República Argentina;OSUOMRA;Alsina 485 piso 4º;1087;Capital Federal;Capital Federal;6345-5152 / 27 / 60 6345-5000;
1-1220-2;Obra Social de los Supervisores de la Industria Metalmecánica de la República Argentina;OSSIMRA;Azcuénaga 1234;1115;Capital Federal;Capital Federal;4823-3071 / 75 4823-5062/63;asinra@arnet.com.ar
1-1230-1;Obra Social del Personal de Micros y Ómnibus de Mendoza;OSPEMOM;Catamarca 382;5500;Mendoza;Mendoza;0261-4203283 0261-4203342;ospemom@ospemom.org.ar
1-1240-0;Obra Social de la Actividad Minera;O.S.A.M.;Rosario 434 / 36;1424;Capital Federal;Capital Federal;4901-3277 4902-5983;
1-1250-9;Obra Social Modelos Argentinos;OSMA;Av. Corrientes 1622 1º A;1042;Capital Federal;Capital Federal;4371-8474 / 5303 4371-2896;osmodelos@fibertel.com.ar
1-1260-8;Obra Social del Personal de la Industria Molinera;OSPIM;Av. San Juan 2670 / 72;1232;Capital Federal;Capital Federal;5238-3900 0-800-222-6334;info@ospim.org.ar
1-1270-7;Obra Social del Personal Mosaista;OSPM;Quirno 89;1406;Capital Federal;Capital Federal;4619-0208 4619-0209;mosaistas@hotmail.com
1-1280-6;Obra Social de Músicos;OSDEM;Av. Belgrano 3655;1210;Capital Federal;Capital Federal;4957-3522 int. 120;institucional@osdem.org.ar
1-1320-5;Obra Social de Jefes y Oficiales Navales de Radiocomunicaciones;OSJONR;24 de Noviembre 643 / 5;1224;Capital Federal;Capital Federal;4931-5178 4932-8079;
1-1330-4;Obra Social de Jefes y Oficiales Maquinistas Navales;OSJOMN;Rodríguez Peña 1464;1021;Capital Federal;Capital Federal;4815-8133 4807-5039;infoobrasocial@osjomn.com.ar
1-1340-3;Obra Social del Personal Naval;OSPENA;Juan de Dios Filiberto 914;1162;Capital Federal;Capital Federal;4301-7697 4301-7067;ospena1340@hotmail.com
1-1360-1;Obra Social del Personal de la Industria del Neumático;OSPIN;Jujuy 995;1229;Capital Federal;Capital Federal;4943-1189 4943-1703;ospin@sinectis.com.ar
1-1370-0;Obra Social del Personal de la Industria Naval;OSPIN;Chacabuco 528;1648;Tigre;Buenos Aires;4749-2115 4749-0592;osnavales@yahoo.com.ar
1-1380-9;Obra Social de Comisarios Navales; ;Bernardo de Irigoyen 840;1072;Capital Federal;Capital Federal;4300-7033 4300-7034;
1-1390-8;Obra Social del Personal de Panaderías;OSPEP;Boedo 168;1206;Capital Federal;Capital Federal;4957-1800 4957-3100 / 7728 / 1177;info@ospep.org.ar
1-1400-0;Obra Social de Panaderos Pasteleros y Factureros de Entre Ríos;OSSPYFER;Vélez Sarsfield 447 / 49;3200;Concordia;Entre Ríos;0345-4214266 0345-4222615;
1-1410-9;Obra Social del Personal del Papel Cartón y Químicos;OSPPCYQ;Osvaldo Cruz 2075;1293;Capital Federal;Capital Federal;4126-0900 op. 2;info@ospapel.org.ar
1-1420-8;Obra Social de la Industria de Pastas Alimenticias;OSIPA;Av. Belgrano 4280;1210;Capital Federal;Capital Federal;4981-4776 4981-5015;stipa@arnet.com.ar
1-1430-7;Obra Social Trabajadores Pasteleros Confiteros Pizzeros Heladeros y Alfajoreros de la República Argentina;OSTPCHPYARA;Bogado 4541;1183;Capital Federal;Capital Federal;4864-1799 4861-7493;fatpchpya@infovia.com.ar
1-1450-5;Obra Social de Patrones de Cabotaje de Ríos y Puertos; ;Av. Montes de Oca 1731;1270;Capital Federal;Capital Federal;5252-3482 3986-7957;
1-1470-3;Obra Social del Personal de Peluquerías Estéticas y Afines;OSPPEA;Ayacucho 838;1111;Capital Federal;Capital Federal;4965-2100 líneas rot.;obrasocial@peluquerosargentinos.com
1-1490-1;Obra Social de Oficiales Peluqueros y Peinadores de Rosario;OSOFPP DE ROSARIO;Montevideo 1488;2000;Rosario;Santa Fe;0341-4488998 0341-4485632;spprosario@sinetis.com.ar
1-1500-3;Obra Social del Personal de la Actividad Perfumista;OSPAP;Treinta y Tres Orientales 148;1182;Capital Federal;Capital Federal;4981-1477 4981-0859;ospap@ospap.org.ar
1-1510-2;Obra Social de Trabajadores de Prensa de Buenos Aires;OSTPBA;Pte. Juan Domingo Perón 1173;1038;Capital Federal;Capital Federal;5218-2832 / 39;raulbarr22@hotmail.com
1-1520-1;Obra Social del Personal de la Industria del Pescado de Mar del Plata;OSPIP;12 de Octubre 4445;7600;Mar del Plata;Buenos Aires;0223-4800554 0223-4918133;
1-1530-0;Obra Social de Petroleros;OSPE;Av. L. Alem 692 1º piso;1001;Capital Federal;Capital Federal;5254-5100;informes@ospesalud.com.ar
1-1540-9;Obra Social del Petróleo y Gas Privado;OSPEGAP;Av. Caseros 715;1152;Capital Federal;Capital Federal;4300-5010 / 0523 4300-0491;ospegap@petroleoygas.com.ar
1-1550-8;Obra Social de Petroleros de Córdoba;O.S.PE.COR.;Ayacucho 575 Bo. Gral. Güemes;5000;Córdoba;Córdoba;0351-4204444 0351-4240216;afiliados@ospecor.com.ar
1-1560-7;Obra Social del Personal de la Industria Petroquímica;OSPIP;Av. San Martín 698 planta alta;2200;San Lorenzo;Santa Fe;03476-431933 03476-431988;administracion@ospip-os.com.ar
1-1570-6;Obra Social para Pilotos de Líneas Aéreas Comerciales y Regulares;OSPLA;Lezica 4047;1202;Capital Federal;Capital Federal;4958-2959 4958-2956;ospla@ospla.org.ar
1-1580-5;Obra Social del Personal de Fábricas de Pintura;UPFPARA;Nazca 845;1406;Capital Federal;Capital Federal;4613-7428 4612-7826;osocial@ospfp.org.ar
1-1600-6;Obra Social del Personal de la Industria del Plástico;OSPIP;Pavón 4175;1253;Capital Federal;Capital Federal;5168-3200;
1-1610-5;Obra Social de Capataces Estibadores Portuarios;OSCEP;Pinzón 1012 / 1016;1161;Capital Federal;Capital Federal;4302-4640 4302-5770;capatacesport@hotmail.com
1-1620-4;Obra Social de Portuarios Argentinos;OSPA;Bolívar 839;1066;Capital Federal;Capital Federal;4369-4132 4369-4133;ospabue@infovia.com.ar
1-1670-9;Obra Social Portuarios Puerto San Martín y Bella Vista; ;Cayetano Nerbutti 256;2202;Prto. Gral. San Martín;Santa Fe;03476-427643 03476-436020;obrasocial@cooportuaria.com
1-1720-7;Obra Social del Personal de Prensa de la República Argentina;OSPPRA;Solís 1158 piso 3º;1078;Capital Federal;Capital Federal;4305-6768 4305-3018;info@osppra.com.ar
1-1740-5;Obra Social del Personal de Prensa de Bahía Blanca; ;Lamadrid 266;8000;Bahía Blanca;Buenos Aires;0291-4562760 0291-4560106;prensabblanca@bvconline.com.ar
1-1770-2;Obra Social del Personal de Prensa de Mar del Plata;OSPREN;Dorrego 1734;7600;Mar del Plata;Buenos Aires;0223-4734394;ospren@ospren.org.ar
1-1780-1;Obra Social del Personal de Prensa de Mendoza; ;Chile 1661;5500;Mendoza;Mendoza;0261-4251179 0261-4251469;prensaludmza@hprensaludmza.org.ar
1-1800-2;Obra Social de Empleados de Prensa de Córdoba;OSEPC;Obispo Trejo 365;5000;Córdoba;Córdoba;0351-4243517 0351-4229214;osepc@onenet.com.ar
1-1820-0;Obra Social de Agentes de Propaganda Médica de la República Argentina;OSAPM;Avellaneda 2144;1406;Capital Federal;Capital Federal;4633-7878;obra_social@apm.org.ar
1-1830-9;Obra Social de Agentes de Propaganda Médica de Córdoba;OSAPMCBA;Av. Olmos 485 piso 2º (esq. Stgo. del Estero);5003;Córdoba;Córdoba;0351-4484412 / 13 / 17;info@osapmcba.com.ar
1-1840-8;Obra Social de Agentes de Propaganda Médica de Entre Ríos;OSAPMER;Catamarca 451;3100;Paraná;Entre Ríos;0343-4316507 0343-4225534;apmentrario@infovia.com.ar
1-1860-6;Obra Social del Personal de la Publicidad;OSPP;Av. Córdoba 1576;1055;Capital Federal;Capital Federal;4811-7416 4813-5058;ospp@ciudad.com.ar
1-1870-5;Obra Social del Personal de Industrias Químicas y Petroquímicas;OSPIQYP;México 1474;1097;Capital Federal;Capital Federal;4384-5700 4384-5824 / 5805;
1-1880-4;Obra Social de Recibidores de Granos y Anexos;OSRGA;Av. Belgrano 510 piso 5º;1092;Capital Federal;Capital Federal;4137-5646 / 7 / 8 / 9;
1-1890-3;Obra Social del Personal de Recolección y Barrido de Rosario; ;Buenos Aires 1635;2000;Rosario;Santa Fe;0341-4248702 0341-4484406;osprbyl@arnet.com.ar
1-1900-5;Obra Social del Personal de Refinerías de Maíz; ;Anchorena 1429;2942;Baradero;Buenos Aires;03329-483874;Osprem@arnetbiz.com.ar
1-1920-3;Obra Social de Relojeros y Joyeros;OSRJA;Valentín Gómez 3828;1191;Capital Federal;Capital Federal;4867-5420 4863-1481;info@osrja.org.ar
1-1930-2;Obra Social del Personal Rural y Estibadores de la República Argentina;OSPRERA;Reconquista 630;1003;Capital Federal;Capital Federal;4312-2500;
1-1950-0;Obra Social del Personal de la Sanidad Argentina;OSPSA;Deán Funes 1242;1244;Capital Federal;Capital Federal;4308-2550 4308-2540;informes@sanidad.org.ar
1-1960-9;Obra Social del Personal de Instalaciones Sanitarias;OSPIS;Pasco 1040;1219;Capital Federal;Capital Federal;4941-7456 4943-6109;
1-1970-8;Obra Social del Personal de Seguridad Comercial Industrial e Investigaciones Privadas;OSPSIP;Tucumán 3689;1189;Capital Federal;Capital Federal;4959-6500;medicamentosespecialesospsip@gmail.com
1-1990-6;Obra Social de Serenos de Buques; ;Bernardo de Irigoyen 972 / 4 piso 9º of. 45;1072;Capital Federal;Capital Federal;5276-4700;ossdeb@fideisalud.com.ar
1-2030-6;Obra Social del Personal de Supervisión de la Empresa Subterráneos de Buenos Aires;OSPSESBA;Emilio Mitre 582;1424;Capital Federal;Capital Federal;4433-0833;ospesba@fibertel.com.ar
1-2040-5;Obra Social del Personal de Dirección de la Empresa Subterráneos de Buenos Aires;OSPDESBA;Av. Callao 322 8º A;1022;Capital Federal;Capital Federal;4372-4372 / 5279 4372-2964;ospdesba@speedy.com.ar
1-2050-4;Obra Social del Personal de la Industria del Tabaco;OSPIT;Esteban Bonorino 281;1406;Capital Federal;Capital Federal;4613-9183 4613-0804;ospitabaco@infovia.com.ar
1-2060-3;Obra Social de Empleados del Tabaco de la República Argentina;OSETRA;Bolivia 384;1406;Capital Federal;Capital Federal;4637-3232 4637-3236;mesadeentrada@suetra-tabacos.com.ar
1-2070-2;Obra Social del Personal de las Telecomunicaciones de la República Argentina;OSTEL;Av. Juan de Garay 2569;1256;Capital Federal;Capital Federal;4122-5600 / 5699;compras@ostel.org
1-2080-1;Obra Social de Trabajadores de las Comunicaciones;OSTRAC;Chacabuco 140;1069;Capital Federal;Capital Federal;4342-4879 4342-5142;ostrac@infovia.com.ar
1-2090-0;Obra Social del Personal de Televisión;OSPTV;Quintino Bocayuva 38 / 50;1181;Capital Federal;Capital Federal;5555-3100;info@tvsalud.com.ar
1-2100-2;Obra Social del Personal de la Industria Textil;OSPIT;Av. La Plata 754;1235;Capital Federal;Capital Federal;4923-4061 / 63;ospit@aotra.com.ar
1-2110-1;Obra Social de Empleados Textiles y Afines;OSETYA;Benito Quinquela Martín 1738;1433;Capital Federal;Capital Federal;4301-4175 / 79;informes@osetya.com.ar
1-2130-9;Obra Social del Personal de la Industria del Tractor;OSPIT;San Lorenzo 2181;2000;Rosario;Santa Fe;0341-4486938 0341-4258637;soeita@yahoo.com.ar
1-2150-7;Obra Social de la Industria del Transporte Automotor de Córdoba;OSITAC;Paraná 327;5000;Córdoba;Córdoba;0351-4238798;aoita@ositac.org.ar
1-2160-6;Obra Social Conductores de Transporte Colectivo de Pasajeros; ;Moreno 2969;1209;Capital Federal;Capital Federal;4931-5452 4011-6100 int. 150;
1-2170-5;Obra Social del Personal de la Actividad del Turf;OSPAT;Av. Roque Sáenz Peña 832 piso 3º;1035;Capital Federal;Capital Federal;5070-2000;
1-2180-4;Obra Social Conductores de Taxis de Córdoba;OSTC;San Luis 373 Bo. Güemes;5000;Córdoba;Córdoba;0351-4247799 0351-4213888;osct-cba@hotmaail.com.ar
1-2190-3;Obra Social de Vareadores; ;Entre Ríos 1395;1640;Martínez;Buenos Aires;5279-9822;
1-2200-5;Obra Social del Personal de la Industria del Vestido;OSPIV;Av. Rivadavia 1378 planta baja;1049;Capital Federal;Capital Federal;4393-7114 4424-8450;presidencia@osvestido.com.ar
1-2210-4;Obra Social de Viajantes Vendedores de la República Argentina. (Andar);OSVVRA;Moreno 2045;1094;Capital Federal;Capital Federal;5237-1900;info@redsocialfuva.com.ar
1-2230-2;Obra Social del Personal de la Actividad Vial;OSPA-VIAL;Av. de Mayo 1439;1085;Capital Federal;Capital Federal;4382-3863 4381-7714;ospacentral@yahoo.com.ar
1-2240-1;Obra Social de Empleados de la Industria del Vidrio;OSEIV;Carabobo 217;1406;Capital Federal;Capital Federal;4631-1042 4631-9205;oseiv.vidrio@hotmail.com
1-2250-0;Obra Social del Personal de la Industria del Vidrio;OSPIV;Balbastro 453;1424;Capital Federal;Capital Federal;4924-4626 4924-4417;
1-2260-9;Obra Social del Personal de la Actividad Vitivinícola;OSPAV;Warnes 1894;1416;Capital Federal;Capital Federal;4583-7894 4582-0579;info@ospav.com.ar
1-2280-7;Obra Social del Personal de Vigilancia y Seguridad Comercial Industrial e Investigaciones Privadas de Córdoba;OSPEVIC;Faustino Allende 189 Bo. Independencia;5000;Córdoba;Córdoba;0351-4715924;ospevic@ospevic.org.ar
1-2290-6;Obra Social del Personal de Estaciones de Servicio Garages Playas y Lavaderos Automáticos de la Provincia de Santa Fe;OSPESGA;Riobamba 1069;2000;Rosario;Santa Fe;0341-4826705 0341-4815552;recpcion@ospesga.com.ar
1-2300-8;Obra Social para el Personal de Estaciones de Servicio Garages Playas de Estacionamiento Lavaderos Automáticos y Gomerías de la República Argentina;OSPES;Av. Jujuy 110 3º A y B;1083;Capital Federal;Capital Federal;4956-0954 4956-0321;central@ospes.org.ar
1-2310-7;Obra Social Talleristas a Domicilio;OSTAD;Acevedo 553;1414;Capital Federal;Capital Federal;4854-4708 4854-3506;ostad@fibertel.com.ar
1-2330-5;Obra Social del Personal de Sociedades de Autores y Afines;OSPESA;Montevideo 453 (domicilio provisorio);1019;Capital Federal;Capital Federal;4374-4452 4373-1140;auditoria@ospesa.com.ar
1-2340-4;Obra Social del Personal de Prensa de Rosario;OSPRO;Juan Manuel de Rosas 958;2000;Rosario;Santa Fe;0341-4445918 0341-4408292;ospro@arnet.com.ar
1-2350-3;Obra Social del Personal de Prensa de Tucumán;OSPRENTUC;Junín 775;4000;Tucumán;Tucumán;0381-4310941 0381-4305567;osprentuc@yahoo.com
1-2360-2;Obra Social de Trabajadores de Perkins Argentina S.A.I.C.;OSTP;Roque Sáenz Peña 1377;5000;Córdoba;Córdoba;0351-4713240 / 8299;obrasocialperkins@hotmail.com
1-2370-1;Obra Social de Peones de Taxis de la Capital Federal;OSPETAX;Av. La Plata 1554 / 60 / 62 / 64;1250;Capital Federal;Capital Federal;4920-7000 4920-7100;sindicato taxis@speedy.com.ar
1-2390-9;Obra Social de Vendedores Ambulantes de la República Argentina;OSVARA;Gallo 443;1172;Capital Federal;Capital Federal;4866-5482 4866-5478;
1-2400-1;Obra Social de Boxeadores Agremiados de la República Argentina;OSBARA;Talcahuano 109 6º D;1013;Capital Federal;Capital Federal;4371-5044 4371-5061;
1-2450-6;Obra Social de Trabajadores de la Industria del Gas;OSTIG;Boedo 90;1206;Capital Federal;Capital Federal;4982-7069 4958-0700;ostig@impsat 1.com.ar
1-2510-3;Obra Social de los Profesionales Universitarios del Agua y la Energía Eléctrica;OSPUAYE;Reconquista 1048 piso 2º;1003;Capital Federal;Capital Federal;4312-0409 / 06 4312-1111;ospuaye@apuaye.org.ar
1-2530-1;Obra Social Federal de la Federación Nacional de Trabajadores de Obras Sanitarias;OSFFENTOS;Pasco 580 planta baja;1219;Capital Federal;Capital Federal;5901-1005 / 7 5901-1009;osffentos@fentos.org.ar
1-2550-9;Obra Social de la Federación Argentina del Trabajador de las Universidades Nacionales;OSFATUN;Av. Belgrano 3768 4º piso;1210;Capital Federal;Capital Federal;4956-8030 5365-8666;info@osfatun.com.ar
1-2570-7;Obra Social Unión Personal de la Unión del Personal Civil de la Nación;OSPCN;Tucumán 949;1049;Capital Federal;Capital Federal;0810-888-2226 4516-8103;info@unionpersonal.com.ar
1-2590-5;Obra Social de Árbitros Deportivos de la República Argentina;OSADRA;Viamonte 1835;1056;Capital Federal;Capital Federal;4021-9300 al 9329;
1-2600-7;Obra Social de la Federación Gremial del Personal de la Industria de la Carne y sus Derivados; ;Hipólito Yrigoyen 746;1086;Capital Federal;Capital Federal;4378-9000 4331-9743;
1-2610-6;Obra Social para los Trabajadores de la Educación Privada;OSTEP;Salta 534;1074;Capital Federal;Capital Federal;4384-0017 / 18 4381-7637;ostep@infovia.com.ar
1-2620-5;Obra Social de los Empleados de Comercio y Actividades Civiles;OSECAC;Moreno 648 / 50;1091;Capital Federal;Capital Federal;4331-1919 4331-2063;
1-2630-4;Obra Social Servicios Sociales Bancarios;OSBA;25 de Mayo 182;1002;Capital Federal;Capital Federal;4340-7300;info@osba.com.ar
1-2650-2;Obra Social de la Confederación de Obreros y Empleados Municipales Argentina (OSCOEMA);OSCOEMA;Moreno 970 piso 2º of. 15;1091;Capital Federal;Capital Federal;4342-6908 4342-7332;oscoema@gmail.com
1-2660-1;Obra Social del Personal de Industrias Químicas y Petroquímicas de Zárate Campana;OPZC;Dr. Félix Pagola 1712;2800;Zárate;Buenos Aires;03487-433565 03487-426860;info@obrasocialquimicos.com.ar
1-2670-0;Obra Social del Personal de la Actividad Azucarera Tucumana; ;Congreso de Tucumán 341;4000;Sn. Miguel de Tucumán;Tucumán;0381-4225810;
1-2680-9;Obra Social de Conductores de Remises y Autos al Instante y Afines;OSCRAIA;Cerrito 228 1º B;1010;Capital Federal;Capital Federal;4381-2507 4381-7098;oscraia@live.com.ar
1-2690-8;Obra Social de los Médicos de la Ciudad de Buenos Aires;OSMEDICA;Marcelo T. de Alvear 867 / 871;1058;Capital Federal;Capital Federal;3753-0000;obrasocial@osmedica.com.ar
1-2700-0;Obra Social de Trabajadores de Estaciones de Servicio;OSTES;Bandera de los Andes 239;5521;Va. Nva. de Guaymallén;Mendoza;0261-4317309 0261-4326292;
1-2710-9;Obra Social del Personal de Telecomunicaciones Sindicato Buenos Aires;OSPETELCO;24 de Noviembre 40;1015;Capital Federal;Capital Federal;4860-5060;info@ospetelco.org
1-2720-8;Obra Social de Mandos Medios de Telecomunicaciones en la República Argentina y Mercosur;OSMMEDT;Uriarte 1317;1414;Capital Federal;Capital Federal;4776-6847 / 6795 4774-2675;info@osmmedt.com.ar
1-2730-7;Obra Social de Trabajadores Viales y Afines de la República Argentina; ;México 1399;1097;Capital Federal;Capital Federal;4381-8472 4383-0273;info@vialsalud.com.ar
1-2740-6;Obra Social de Obreros y Empleados Tintoreros Sombrereros y Lavaderos de la República Argentina;OSOETSYLARA;Culpina 25 / 29;1406;Capital Federal;Capital Federal;4612-2000 4612-3498;
1-2750-5;Obra Social de las Asociaciones de Empleados de Farmacia;OSADEF;Rincón 1035;1227;Capital Federal;Capital Federal;4941-6330 4941-0003;
1-2760-4;Obra Social para el Personal de Obras y Servicios Sanitarios;OSOSS;Avellaneda 212 piso 3º;1405;Capital Federal;Capital Federal;4958-2002 / 04 / 6 0800-666-7805;presidencia@ososs.com.ar
1-2770-3;Obra Social Personal Estaciones de Servicio Garages Playas y Lavaderos de la Provincia del Chaco;OSPESCHA;Julio A. Roca 755;3500;Resistencia;Chaco;0362-4444011 0362-4437390;soesgypechaco@gigared.com
1-2780-2;Obra Social de Luz y Fuerza de la Patagonia;OSLYF PATAGONIA;Baldomero Carrasco 60;9100;Trelew;Chubut;0280-4420547;info@generarsalud.com.ar
1-2790-1;Obra Social de Petroleros Privados;OS.PE.PRI.;Santa Cruz 275;8300;Neuquén;Neuquén;0299-4300902 0299-4300910;mildepetroleo@speedy.com.ar
1-2800-3;Obra Social del Personal de la Federación de Sindicatos de la Industria Química y Petroquímica; ;Pavón 3708;1253;Capital Federal;Capital Federal;4921-3725 4921-2366;festiqypra tesoreria@live.com.ar
1-2810-2;Obra Social de la Unión de Trabajadores del Instituto Nacional de Servicios Sociales para Jubilados y Pensionados de la República Argentina;OSUTI;Esmeralda 25;1035;Capital Federal;Capital Federal;4121-2150;
1-2820-1;Obra Social del Sindicato Único de Recolectores de Residuos y Barrido de Córdoba;O.S.S.U.R.R.B.A.C.;Lima 342;5000;Córdoba;Córdoba;0351-152072236 0351-155933515;surrbacinstitucional@gmail.com
1-2830-0;Obra Social Peones de Taxis de Rosario;O.S.PE.TAX.R.;Salta 2882;2000;Rosario;Santa Fe;0341-4350445 0341-4350575;
1-2840-9;Obra Social del Sindicato Obreros y Empleados de Empresas de Limpieza Servicios y Afines de Córdoba;OSSOELSAC;Entre Ríos 372;5000;Córdoba;Córdoba;0351-4215431;
1-2850-8;Obra Social de Farmacéuticos y Bioquímicos;OSFYB;Agüero 1595 piso 13º;1425;Capital Federal;Capital Federal;4865-9837;
1-2860-7;Obra Social de Trabajadores del Petróleo y Gas Privado del Chubut; ;Av. Alsina 728 piso 3º;9000;Comod. Rivadavia;Chubut;0297-4470897 0297-4069004;
1-2870-6;Obra Social del Personal de Dragado y Balizamiento;OSPEDYB;Piedras 1693 / 95;1140;Capital Federal;Capital Federal;4307-6958 4307-6916;ospedyb@gmail.com
1-2880-5;Obra Social del Personal Aduanero de la República Argentina;OSPAD;Perú 625;1068;Capital Federal;Capital Federal;4339-0506 4339-0500;info.ospad@gmail.com
1-2890-4;Obra Social de los Trabajadores Argentinos de Centros de Contactos;O.S.T.A.C.C.;Rosario de Santa Fe 414;0;No identificada;No identificada;0351-5535200;
1-2900-6;Obra Social de la Asociación del Personal Superior de la Empresa Provincial de Energía de Córdoba;O.S.A.P.S.E.;Rivadeo 1231;5000;Bo. Va. San Carlos;Córdoba;351-4715859 / 4722278;
2-0040-0;Obra Social del Personal de la Empresa Nacional de Correos y Telégrafos S.A. y de las Comunicaciones de la República Argentina;OSPEC;Maipú 39;1084;Capital Federal;Capital Federal;4343-0621 / 26;gergral@sinectis.com.ar
3-0070-4;Obra Social Ceras Johnson;JOHNSON;Uruguay 7286;1609;Boulogne;Buenos Aires;4549-5600;
3-0210-6;Obra Social para Directivos Técnicos y Empleados de John Deere Argentina;DITEM;Juan Orsetti 481;2152;Granadero Baigorria;Santa Fe;0341-4101825 0341-4718001;bue@aguilar-sulfacid.com
3-0280-9;Obra Social Refinerías de Maíz S.A.I.C.F.;OSRM;Córdoba 1345 15º B;1055;Capital Federal;Capital Federal;4815-0747 int. 124;
3-0310-9;Obra Social Superco; ;Cerrito 1070 piso 5º of. 95;1010;Capital Federal;Capital Federal;4811-4407 4813-4584;ossuperco@speedy.com.ar
3-0330-7;Obra Social Cabot Argentina; ;Av. Roca 189;2804;Campana;Buenos Aires;03489-424224 03487-426222;
3-0340-6;Obra Social de Shell Argentina; ;Av. Corrientes 3101 piso 1º;1193;Capital Federal;Capital Federal;5272-9922 / 9925;obrasocial@osshell.org
3-0370-3;Obra Social del Personal de Pbbpolisur S.A. de Bahía Blanca; ;Las Heras 95;8000;Bahía Blanca;Buenos Aires;0291-4550636 0291-4550647;info@ospbb.com.ar
3-0390-1;Obra Social de Ford Agentina S.C.A.; ;Av. de Mayo 651;1084;Capital Federal;Capital Federal;03327-429238 03327-428621 03327-42-9328;
3-0400-3;Obra Social de Volkswagen Argentina S.A.; ;Maipú 267 piso 11º;1084;Capital Federal;Capital Federal;4317-9000 4317-9515;
4-0010-7;Obra Social del Personal de Dirección de las Empresas de la Alimentación y Demás Actividades Empresarias;OPDEA;Bernando de Irigoyen 540 piso 2º;1072;Capital Federal;Capital Federal;4338-2400;info@opdea.org.ar
4-0020-6;Obra Social del Personal de Dirección de la Industria Automotriz Argentina;OSPREME;Arribeños 3619 piso 9º;1429;Capital Federal;Capital Federal;4702-0837 4704-0265;administraciòn@ospreme.com.ar
4-0030-5;Obra Social Cooperativa Ltda. de Asistencia Médica y Farmacéutica Servicios Asistenciales y Turismo del Personal Superior de la Industria del Caucho y Otras Actividades Industriales;CAMPSIC;Dr. Emilio Ravignani 2540;1425;Capital Federal;Capital Federal;4773-5835;info@oscampsic.com
4-0040-4;Obra Social del Personal de Dirección de la Industria Cervecera y Maltera;SERVESALUD;Rodríguez Peña 1474;1021;Capital Federal;Capital Federal;4322-5200;sedece@servesalud.com.ar
4-0050-3;Obra Social de la Asociación del Personal de Dirección y Jerárquico de la Industria del Cigarrillo;APDJIC;Lavalle 445 piso 4º;1047;Capital Federal;Capital Federal;4393-4393;apdjic@ba.net
4-0060-2;Obra Social del Personal Directivo de la Industria de la Construcción;OSDIC;Billinghurst 1662 piso 2º;1425;Capital Federal;Capital Federal;4829-9180 4829-9050;
4-0070-1;Obra Social Personal de Dirección de la Industria Curtidora Argentina;OSPDICA;Av. Belgrano 3978;1210;Capital Federal;Capital Federal;4981-1816 4981-4466;
4-0080-0;Obra Social de Ejecutivos y del Personal de Dirección de Empresas;OSDE;Av. Leandro N. Alem 1067 piso 9º;1001;Capital Federal;Capital Federal;4310-5000;gerencia@osde.com.ar
4-0090-9;Obra Social del Personal de Dirección Acción Social de Empresarios (A.S.E.);ASE;Lima 87 piso 8º;1073;Capital Federal;Capital Federal;4124-2800 4124-3005;ase@ase.com.ar
4-0100-1;Obra Social del Personal de Dirección de las Empresas que Actúan enn Frutos del País;FRUTOS;Balcarce 880 piso 1º;1064;Capital Federal;Capital Federal;4362-5025 4362-5300;frutosdelpais@sion.com
4-0110-0;Obra Social del Personal de Dirección Alfredo Fortabat; ;Cecilia Grierson 355 3º y 4º pisos;1107;Capital Federal;Capital Federal;4319-3000 int. O.S. 3012/3361;
4-0120-9;Obra Social del Personal de Dirección de la Industria Metalúrgica y Demás Actividades Empresarias;OSIM;Montevideo 373 piso 4º;1019;Capital Federal;Capital Federal;4010-6746 4374-1000;osim@osim.com.ar
4-0130-8;Obra Social para el Personal de Dirección de la Industria Maderera;OSMAD;Av. Belgrano 748 piso 10º of. 103;1092;Capital Federal;Capital Federal;4331-9578 4331-9580;
4-0160-5;Obra Social del Personal de Dirección de la Industria Privada del Petroleo;OSDIPP;25 de Mayo 537 / 553 / 555 1º subsuelo;1002;Capital Federal;Capital Federal;5129-3900;gerencia.general@osdipp.com.ar
4-0170-4;Obra Social de Empresarios Profesionales y Monotributistas;OSDEPYM;Reconquista 458 piso 2º;1003;Capital Federal;Capital Federal;5288-5600;info@osdepym.com.ar
4-0180-3;Obra Social Asociación Mutual del Personal de Philips Argentina;AMPAR;Vedia 3892;1430;Capital Federal;Capital Federal;4546-7781 4546-7777;obrasocial.ampar@philips.com
4-0190-2;Obra Social del Personal de Dirección de Perfumería E.W. Hope;WHOPE;Av. Córdoba 1345 piso 5º;1055;Capital Federal;Capital Federal;4815-0747;obrasocial@whope.com.ar
4-0200-4;Obra Social del Personal de Dirección de Sanidad Luis Pasteur;OSLPASTEUR;Callao 764 / 66;1023;Capital Federal;Capital Federal;4370-1000;info@oslpasteur.com.ar
4-0210-3;Obra Social Asociación del Personal de Dirección de la Industria Siderúrgica;APDIS;Gorriti 6046 5º piso of. 506 / 507 / 508;1414;Capital Federal;Capital Federal;4890-7004;info@apdis.com.ar
4-0220-2;Obra Social Mutualidad Industrial Textil Argentina;OSMITA;Paraguay 610 piso 6º;1057;Capital Federal;Capital Federal;4313-3111;info@osmita.com.ar
4-0230-1;Obra Social Asociación del Personal Superior de la Organización Techint;APSOT;Av. Córdoba 320 piso 2º;1054;Capital Federal;Capital Federal;4018-2500;apsot.consultas@apsot.com
4-0240-0;Obra Social para el Personal de Dirección de la Industria Vitivinícola y Afines;OSEDEIV;Av. Caseros 3563 1º piso;1263;Capital Federal;Capital Federal;4921-9248 4921-9485;osedeiv@osedeiv.com.ar
4-0250-9;Obra Social YPF;OSYPF;Macacha Güemes 515 1º piso;1041;Capital Federal;Capital Federal;5071-3490 5441-1420;evitiellor@ypf.com
4-0260-8;Obra Social Asociación de Servicios Sociales para Empresarios y Personal de Dirección de Empresas del Comercio Servicios Producción Industria y Civil;ASSPE;Juan Domingo Perón 1606;1037;Capital Federal;Capital Federal;5239-7850 5276-4700;info@asspefideicomiso.com.ar
4-0270-7;Obra Social de Dirección OSDO; ;Av. Luis María Campos 46 piso 8º;1425;Capital Federal;Capital Federal;4774-3130;inf@osdo.com.ar
4-0280-6;Obra Social de Dirección de la Actividad Aerocomercial Privada; ;Venezuela 900;1095;Capital Federal;Capital Federal;4331-6556;atencionalbeneficiario@osdaap.com.ar
6-0040-8;Asociación de Obras Sociales de Comodoro Rivadavia; ;Hipólito Yrigoyen 387;9000;Comod. Rivadavia;Chubut;0297-4471802 0297-4467288;infoados@adoscomodoro.org.ar
6-0110-4;Asociación Gualeguaychú de Obras Sociales; ;Olegario V. Andrade 1057;2820;Gualeguaychú;Entre Ríos;03446-427310 03446-432666;sanatagos@yahoo.com.ar
6-0120-3;Asociación de Obras Sociales de Gualeguay; ;25 de Mayo 530 / 38;2840;Gualeguay;Entre Ríos;03444-425070 03444-424006;adosgualeguay@arnet.com.ar
6-0230-5;Asociación de Obras Sociales de Rosario;ADOS ROSARIO;Mitre 1174;2000;Rosario;Santa Fe;0341-4117783 0341-4112266;
6-0310-0;Asociación de Obras Sociales de Trelew; ;28 de Julio 722;9100;Trelew;Chubut;02804-424583 02804-420312;adostrelew@hotmail.com
7-0010-8;Obra Social del Personal Municipal de Avellaneda; ;Laprida 70;1870;Avellaneda;Buenos Aires;4222-3965 4222-6178;ospma@hotmail.com.ar
7-0080-1;Obra Social del Personal Municipal de La Matanza; ;Almafuerte 3160;1754;San Justo;Buenos Aires;4651-4441 4651-3347;ospmlm@tutopia.com
7-0100-2;Obra Social para el Personal Municipal de Tres de Febrero; ;Amadeo Sabatini 4661 / 5;1678;Caseros;Buenos Aires;4734-7550;osppm3f@arnet.com.ar
8-0050-1;Obra Social Aceros Paraná; ;Av. Moreno 187;2900;San Nicolás;Buenos Aires;03461-425632;info@osap.org.ar
9-0010-2;Obra Social del Personal de Empresas Fiat y Empresas Peugeot Citroën Argentina;OSPEF Y EPCA;Av. Leandro N. Alen 530 piso 11º;1001;Capital Federal;Capital Federal;4312-8261 4312-8269;obrasocial@osfp.com.ar
